0,0,0,5.97137,2.61692,-1.35356,0.914901,-13.6748,3.23201
0,0,1,5.78835,2.53349,-1.47753,0.830522,-15.1254,3.25387
0,0,2,5.83261,2.59567,-2.06612,0.169897,-19.2597,2.89614
0,0,3,6.09607,2.24755,-1.75409,1.9301,-18.985,3.3685
0,0,4,6.01668,1.59266,-2.14242,1.11119,-26.6866,3.64527
0,0,5,5.87983,1.22351,-1.96297,1.3177,-29.0325,4.2228
0,0,6,5.96303,0.903192,-2.14884,1.36938,-33.6011,4.21677
0,0,7,5.88438,-0.0864505,-2.43999,1.79511,-46.0146,4.05448
0,0,8,5.11314,-0.168334,-2.19884,1.10982,-47.1889,4.48788
0,0,9,6.15188,0.150942,-1.63123,1.10098,-42.3567,6.04061
0,0,10,5.83078,0.00146288,-0.950458,0.949213,0,0
0,0,11,5.99046,-0.356281,-0.247179,0.0772954,0,0
0,0,12,6.42111,0.503333,0.215731,0.524089,0,0
0,0,13,7.29991,0.974934,-0.378185,-0.262629,0,0
0,0,14,6.84542,1.70819,-0.583778,-0.883216,-9.43398,5.2461
0,0,15,6.15157,1.37647,-0.404326,-0.13704,-8.18486,6.59258
0,0,16,5.73082,1.05209,-0.85174,-0.206643,-19.4963,7.10088
0,0,17,6.32535,1.20797,-1.68055,-0.602167,-27.1459,4.70541
0,0,18,7.71029,2.28258,-2.98684,-0.624432,-26.3062,2.58705
0,0,19,9.54124,1.57837,-4.8098,-0.854453,-35.9162,1.9466
0,0,20,10.1331,1.83695,-5.77452,-0.514373,-36.1767,1.62658
0,0,21,9.74786,0.933871,-6.08974,-1.02493,-40.6408,1.6051
0,0,22,9.66398,-0.0849141,-5.61095,-1.05227,-45.4335,1.76414
0,0,23,9.7056,-0.497545,-5.05074,-0.840223,-47.813,1.94972
0,0,24,9.36118,-1.02688,-5.30184,-0.94177,-50.4807,1.83001
0,0,25,9.35162,-1.00527,-5.08741,-0.869672,-50.5888,1.90561
0,0,26,9.02685,-2.11286,-4.82445,-0.540089,-56.8255,1.86524
0,0,27,8.65226,-1.6244,-4.8737,-0.0774375,-54.2166,1.91788
0,0,28,8.26868,-2.65362,-4.98314,-0.130229,-59.0181,1.73505
0,0,29,6.92217,-2.13053,-4.31817,0.144655,-58.1306,2.03678
0,0,30,6.80886,-2.23313,-3.94024,-0.49732,-59.7712,2.16049
0,0,31,6.22292,-2.77658,-2.9518,-0.398768,-66.624,2.38791
0,0,32,5.97658,-2.17497,-3.57649,0.156742,-60.6525,2.33455
0,0,33,4.30192,-2.2158,-3.03815,-0.0845553,-63.0521,2.58898
0,0,34,3.72531,-1.28796,-1.95745,-0.497602,-61.672,4.16397
0,0,35,3.24631,-2.05858,-2.1451,-0.0354591,-66.9104,3.25323
0,0,36,3.19887,-1.29668,-1.85688,0.667943,-62.4635,4.30264
0,0,37,2.82299,-0.627673,-1.61863,-0.352961,-55.5976,5.66693
0,0,38,1.97691,-0.788143,-1.26856,-0.310312,-60.9261,6.54063
0,0,39,1.35234,-1.017,-1.2782,0.306638,-64.2537,5.94829
0,0,40,1.05747,-0.86982,-0.894827,-0.113483,-67.0941,7.74814
0,0,41,1.50259,-0.899861,-0.68368,0.18211,-71.3869,8.49255
0,0,42,0.813195,-0.262112,-1.04734,-0.23957,0,0
0,0,43,1.37753,-1.08463,-0.356093,-0.105207,-80.9123,8.29254
0,0,44,0.543691,-0.470029,-0.897142,0.227751,0,0
0,0,45,1.46256,0.13,-0.376673,0.232702,0,0
0,0,46,0.497734,0.0250931,-0.662535,0.223751,0,0
0,0,47,0.813507,-0.636331,-0.605899,-0.47108,0,0
0,0,48,1.00443,0.241093,-0.401128,0.367383,0,0
0,0,49,0.310762,-0.23602,-0.0725517,0.628118,0,0
0,0,50,0.451247,0.223715,-0.572713,-0.066348,0,0
0,0,51,0.226908,-0.0346612,0.129661,-0.455757,0,0
0,0,52,0.448185,0.145187,0.00669493,0.0446558,0,0
0,0,53,0.455397,0.0594925,-0.403225,0.0030088,0,0
0,0,54,0.497529,-0.266968,-0.483637,0.196496,0,0
0,0,55,0.255058,-0.082013,0.112741,0.444189,0,0
0,0,56,-0.0138422,-0.609947,0.0894981,0.0872303,0,0
0,0,57,0.283541,-0.156206,0.209915,0.218709,0,0
0,0,58,0.384445,-0.113238,-0.195069,0.514929,0,0
0,0,59,1.06414,0.0508813,-0.211707,-0.895146,0,0
0,0,60,1.14344,-0.0163502,-0.369256,-0.108283,0,0
0,0,61,-0.162897,0.0509422,0.341012,-0.312993,0,0
0,0,62,0.302949,0.177963,-0.239746,0.564297,0,0
0,0,63,0.296427,-0.0572948,-0.321235,0.121357,0,0
0,0,64,0.455583,0.158169,0.0591378,0.0959583,0,0
0,0,65,0.593289,0.210956,-0.451721,0.59594,0,0
0,0,66,0.404625,0.187565,-0.0299783,-0.801363,0,0
0,0,67,0.19429,-0.176295,0.169788,-0.41542,0,0
0,0,68,-0.0322002,-0.153519,0.324257,0.213279,0,0
0,0,69,0.121962,-0.0408598,-0.0743542,0.247758,0,0
0,0,70,0.708598,0.0357792,0.0806275,0.124895,0,0
0,0,71,0.557952,-0.258708,0.42655,0.356911,0,0
0,0,72,-0.0741432,-0.288554,-0.113377,-0.0833446,0,0
0,0,73,0.0997638,-0.36307,0.047415,-0.006082,0,0
0,0,74,0.239336,-0.480448,-0.0425373,-0.010812,0,0
0,0,75,0.44552,-0.321681,-0.734738,0.206755,0,0
0,0,76,-0.115961,0.118084,-0.699208,-0.131468,0,0
0,0,77,0.293905,0.13644,0.229988,0.541733,0,0
0,0,78,0.288866,-0.688581,-0.381116,-0.122019,0,0
0,0,79,0.887753,-0.094295,-0.612716,-0.484863,0,0
0,0,80,0.443265,-0.278233,0.384408,-0.320763,0,0
0,0,81,0.241627,-0.293532,0.943734,-0.555606,0,0
0,0,82,0.428755,0.119325,-0.412757,0.0324178,0,0
0,0,83,0.514652,0.301333,-0.278784,-0.294693,0,0
0,0,84,0.216497,0.381436,-0.0241964,-0.114556,0,0
0,0,85,0.707779,0.184623,-0.537583,-0.461221,0,0
0,0,86,0.388328,0.540104,-0.0454813,0.0468033,0,0
0,0,87,0.0415025,-0.265256,0.174295,-0.107474,0,0
0,0,88,0.112009,0.156202,0.0635534,0.135405,0,0
0,0,89,0.635073,-0.0734643,-0.119969,0.0872425,0,0
0,0,90,-0.173347,0.475924,0.338502,0.264883,0,0
0,0,91,-0.208502,0.241394,0.0227154,-0.0203884,0,0
0,0,92,-0.335008,0.282317,0.163855,-0.106996,0,0
0,0,93,0.412237,-0.592874,0.182455,0.198074,0,0
0,0,94,-0.119836,-0.0848372,-0.213733,-0.0475554,0,0
0,0,95,0.290756,-0.322748,0.409502,0.466276,0,0
0,0,96,0.778387,-0.293871,0.0458874,0.619094,0,0
0,0,97,0.553949,0.0665724,0.446587,0.317274,0,0
0,0,98,-0.140017,-0.426612,0.102242,0.269086,0,0
0,0,99,0.104884,0.463497,-0.0986772,-0.589657,0,0
0,0,100,0.2643,-0.283155,0.11254,-0.270944,0,0
0,0,101,0.412766,0.507625,-0.15774,0.100433,0,0
0,0,102,0.391374,0.281586,0.45776,-0.068022,0,0
0,0,103,0.562962,-0.358742,-0.196903,0.104055,0,0
0,0,104,-0.426171,0.673041,0.222458,-0.221488,0,0
0,0,105,0.370093,-0.0896311,-0.444927,-0.0904322,0,0
0,0,106,0.0505626,0.279797,-0.0575884,-0.415759,0,0
0,0,107,0.308574,-0.478587,-0.459373,-0.424934,0,0
0,0,108,-0.00360091,-0.128833,-0.133974,0.275927,0,0
0,0,109,0.456284,-0.532509,-0.240544,-0.265886,0,0
0,0,110,0.580124,-0.330205,0.115048,-0.522155,0,0
0,0,111,0.700135,-0.368896,-0.666831,0.300939,0,0
0,0,112,0.560072,0.0723376,-0.262383,0.233181,0,0
0,0,113,0.0236096,-0.259788,-0.0685774,0.323125,0,0
0,0,114,0.847898,-0.0501223,-0.274967,0.753598,0,0
0,0,115,0.0734965,-0.165954,0.531887,-0.024371,0,0
0,0,116,-0.326662,-0.0771912,0.0125694,-0.46396,0,0
0,0,117,0.987284,0.399025,0.306187,0.378945,0,0
0,0,118,0.193199,-0.404071,0.304031,-0.0804841,0,0
0,0,119,0.0763508,-0.485785,0.238597,0.45914,0,0
0,0,120,-0.359393,0.612501,0.0918598,-0.50988,0,0
0,0,121,-0.0240682,-0.886473,-0.190903,-0.54502,0,0
0,0,122,-0.148746,-0.20895,-0.0466127,0.178383,0,0
0,0,123,0.529368,0.470452,-0.384689,0.0923071,0,0
0,0,124,-0.183217,-0.187607,-0.0374921,0.209698,0,0
0,0,125,0.447039,-0.288328,0.437958,-0.581479,0,0
0,0,126,0.416499,-0.595145,-0.541545,0.343303,0,0
0,0,127,0.00738536,0.103153,0.0607338,0.616898,0,0
0,0,128,0.572333,-0.270431,0.856585,-0.170134,0,0
0,0,129,0.29673,-0.289542,0.0503706,-0.0359262,0,0
0,0,130,-0.164175,-0.753855,0.236073,-0.117333,0,0
0,0,131,0.340381,0.55089,0.225646,0.246467,0,0
0,0,132,-0.476476,-0.336499,0.347414,0.0277821,0,0
0,0,133,0.674603,-0.538697,0.0668883,0.148143,0,0
0,0,134,0.0696408,0.588707,-0.0902657,0.0665443,0,0
0,0,135,0.434939,-0.230736,-0.548544,0.0213906,0,0
0,0,136,0.19822,-0.61321,0.488698,0.126337,0,0
0,0,137,0.346777,-0.097222,-0.0307821,0.255376,0,0
0,0,138,0.553555,0.166223,-0.26904,-0.316769,0,0
0,0,139,-0.142627,-0.327732,0.124716,-0.195392,0,0
0,0,140,0.849537,-0.0278019,-0.557388,0.0421743,0,0
0,0,141,0.297499,0.255518,-0.385958,0.615231,0,0
0,0,142,0.0584578,-0.33917,-0.424791,0.395608,0,0
0,0,143,0.231657,-0.250782,0.264529,0.0491005,0,0
0,0,144,-0.56611,0.256782,-0.277177,0.365492,0,0
0,0,145,0.576688,0.115869,-0.442813,0.127026,0,0
0,0,146,-0.0239368,-0.0509423,-0.28274,-0.284036,0,0
0,0,147,0.123917,-0.0434675,-0.0938916,0.370839,0,0
0,0,148,0.332698,-0.0412227,-0.0136731,0.0894158,0,0
0,0,149,0.04007,-0.24392,0.00151269,0.227993,0,0
0,0,150,1.08146,-0.164927,0.147456,0.0758779,0,0
0,0,151,0.131218,-0.227499,-0.333648,-0.0929758,0,0
0,0,152,0.200081,0.591203,-1.01137,0.165828,-29.8456,8.3479
0,0,153,-0.0690444,0.753765,0.48675,0.202101,0,0
0,0,154,0.0499253,-0.0971714,-0.327294,-0.385025,0,0
0,0,155,-0.136359,-0.147549,-0.56564,-0.157966,0,0
0,0,156,0.00779024,-0.11322,0.287587,-0.401498,0,0
0,0,157,-0.137758,-0.640972,-0.003753,-0.321321,0,0
0,0,158,0.773418,-0.315459,0.367682,0.0771433,0,0
0,0,159,-0.343629,0.120181,-0.196498,-0.183215,0,0
0,0,160,-0.162097,0.595584,-0.811328,0.692594,0,0
0,0,161,0.331492,0.400728,0.108531,0.562506,0,0
0,0,162,-0.113436,0.706883,-0.0374487,-0.354354,0,0
0,0,163,-0.0656381,-0.265136,0.628025,0.187163,0,0
0,0,164,0.382837,-0.396338,0.0285842,-0.155681,0,0
0,0,165,0.443199,-0.0824378,-0.250401,-0.463851,0,0
0,0,166,0.509757,0.0148979,0.719027,-0.297175,0,0
0,0,167,0.0742845,-0.0961873,-0.381167,-0.0329309,0,0
0,0,168,-0.010496,-0.36738,0.0308625,0.547629,0,0
0,0,169,-0.442409,0.158186,-0.152265,0.145635,0,0
0,0,170,0.365077,-0.77749,-0.66531,-0.530951,0,0
0,0,171,0.113791,-0.106537,-0.193283,0.233773,0,0
0,0,172,0.300431,-0.0922963,-0.0568118,0.113931,0,0
0,0,173,0.571512,-0.0655897,-0.25872,-0.0707154,0,0
0,0,174,-0.118472,0.202295,-0.206776,0.297209,0,0
0,0,175,-0.526347,0.59528,0.663569,-0.0846949,0,0
0,0,176,0.287423,-0.171141,-0.0293608,-0.253635,0,0
0,0,177,-0.536919,-0.151784,-0.072035,-0.282382,0,0
0,0,178,-0.124908,-0.228517,0.700195,0.0639017,0,0
0,0,179,0.616295,-0.0169775,0.21832,0.35503,0,0
0,0,180,0.0809946,0.373073,0.641984,0.0850887,0,0
0,0,181,0.229698,0.0391722,0.0759668,0.109869,0,0
0,0,182,0.177166,-0.526875,-0.0248954,0.165731,0,0
0,0,183,-0.543355,-0.506334,0.72168,0.480422,0,0
0,0,184,-0.0298291,-0.353398,0.452561,0.568012,0,0
0,0,185,0.151453,-0.558021,-0.22761,0.0961448,0,0
0,0,186,-0.302757,0.00881483,-0.210736,-0.0760531,0,0
0,0,187,0.426418,-0.42056,0.105292,-0.0465194,0,0
0,0,188,0.0349125,0.250079,0.287697,0.170261,0,0
0,0,189,-0.116576,0.411949,-0.708032,-0.115357,0,0
0,0,190,0.592139,0.181792,0.286855,-0.142978,0,0
0,0,191,0.0952218,-0.29677,-0.487737,0.0556026,0,0
0,0,192,0.563743,0.274482,-0.401498,-0.280583,0,0
0,0,193,-0.200321,-0.0394472,0.238389,0.28127,0,0
0,0,194,0.185795,0.000122064,-0.357251,0.153179,0,0
0,0,195,0.530095,0.0597397,-0.256893,-0.0841659,0,0
0,0,196,-0.244078,-0.19709,-0.585822,0.434807,0,0
0,0,197,0.249,-0.131228,0.820394,0.192109,0,0
0,0,198,0.39919,0.00736288,-0.114203,-0.160293,0,0
0,0,199,-0.186077,-0.23652,-0.595833,-0.26538,0,0
0,0,200,-0.147602,0.035484,-0.234694,0.364082,0,0
0,0,201,0.498174,-0.201714,-0.481174,-0.388383,0,0
0,0,202,-0.0809533,0.605731,0.151093,-0.0704054,0,0
0,0,203,-0.0185727,0.31424,-0.151887,0.381208,0,0
0,0,204,0.416005,-0.403898,-0.0214458,-0.25767,0,0
0,0,205,0.420574,-0.0474789,0.781825,0.27324,0,0
0,0,206,-0.19391,0.299936,-0.385035,0.0544709,0,0
0,0,207,0.130736,0.284823,-0.292306,0.063397,0,0
0,0,208,0.00966489,-0.147249,0.130059,0.61888,0,0
0,0,209,0.211124,0.105662,0.359074,0.374003,0,0
0,0,210,-0.531553,0.436434,-0.612724,0.26885,0,0
0,0,211,0.05469,-0.161008,-0.0434361,-0.032626,0,0
0,0,212,-0.708989,-0.115797,0.221356,0.461965,0,0
0,0,213,0.414969,-0.0129608,-0.31569,0.0519351,0,0
0,0,214,0.339973,0.257621,-0.240361,-0.0275837,0,0
0,0,215,0.564611,0.239924,0.102281,0.590404,0,0
0,0,216,0.124205,0.0689728,-0.136093,0.325421,0,0
0,0,217,0.380972,-0.259939,-0.406821,-0.284272,0,0
0,0,218,0.264958,-0.21466,0.256409,-0.0667431,0,0
0,0,219,-0.358016,0.114515,0.0264646,0.271481,0,0
0,0,220,0.758909,0.175966,-0.129098,-0.529908,0,0
0,0,221,-0.0414837,0.0309324,-0.166967,0.314385,0,0
0,0,222,0.341156,-0.428311,-0.322521,0.388223,0,0
0,0,223,0.556724,0.348969,-0.350709,-0.581514,0,0
0,0,224,0.496154,0.483197,-0.302866,-0.446452,0,0
0,0,225,-0.0296018,0.0139417,0.062004,0.389171,0,0
0,0,226,0.280521,-0.330989,-0.32324,0.498659,0,0
0,0,227,0.0349296,0.355354,-0.191651,0.421263,0,0
0,0,228,0.208138,0.120712,-0.458527,0.148359,0,0
0,0,229,0.252241,0.129073,-0.351864,0.628868,0,0
0,0,230,0.25486,-0.292309,-0.00474739,0.18793,0,0
0,0,231,-0.323731,-0.0669994,0.000629898,-0.177806,0,0
0,0,232,0.134437,-0.222,-0.471128,-0.116126,0,0
0,0,233,-0.0474471,0.290884,-0.0160782,0.0757335,0,0
0,0,234,0.072208,-0.347151,0.602878,0.538495,0,0
0,0,235,0.215112,-0.105828,-0.0368926,0.512093,0,0
0,0,236,0.383768,0.0384248,0.152773,0.272003,0,0
0,0,237,-0.0587698,0.14553,-0.291497,-0.0908063,0,0
0,0,238,0.452355,-0.505647,0.12019,-0.256783,0,0
0,0,239,0.737648,0.299238,0.580162,0.202028,0,0
0,0,240,-0.0482887,0.0517956,-0.334654,-0.394578,0,0
0,0,241,0.037668,0.226435,0.268812,-0.0947597,0,0
0,0,242,-0.23616,-0.481248,0.0803238,-0.510768,0,0
0,0,243,0.0449651,0.0171984,0.182296,-0.373724,0,0
0,0,244,0.214943,-0.296479,-0.157862,0.743009,0,0
0,0,245,-0.232557,0.0211056,0.0493265,0.235099,0,0
0,0,246,0.108597,-0.556961,-0.64114,0.152615,0,0
0,0,247,0.333006,-0.229873,0.154757,-0.236457,0,0
0,0,248,0.520474,-0.470891,0.274835,0.380256,0,0
0,0,249,-0.497547,0.214574,0.152872,0.451811,0,0
0,0,250,0.582655,0.288966,-0.664636,-0.000437591,0,0
0,0,251,0.263442,0.0289772,0.152586,-0.142841,0,0
0,0,252,-0.15682,0.259269,0.157726,-0.410587,0,0
0,0,253,0.692598,0.229023,0.934477,0.509307,0,0
0,0,254,-0.0827804,-0.153205,-0.0797424,0.0151188,0,0
0,0,255,-0.188012,-0.0166208,0.260001,0.758857,0,0
0,0,256,-0.217624,0.402876,0.10516,0.303426,0,0
0,0,257,-0.41603,-0.15261,-0.402491,-0.765702,0,0
0,0,258,0.416422,-0.414213,0.122538,-0.588548,0,0
0,0,259,0.108672,-0.00485547,-0.246609,0.0382402,0,0
0,0,260,0.214751,0.296056,0.0117712,-0.298681,0,0
0,0,261,0.328035,-0.434101,-0.282753,0.168231,0,0
0,0,262,0.333644,0.022593,-0.193094,0.410556,0,0
0,0,263,0.0516725,0.369929,-0.0217683,0.0878197,0,0
0,0,264,-0.0946508,-0.021015,-0.274662,-0.136744,0,0
0,0,265,0.0071993,-0.0100857,0.550119,0.050386,0,0
0,0,266,0.0118105,0.0265588,-0.544975,0.219726,0,0
0,0,267,-0.172833,-0.648935,0.832708,-0.0520912,0,0
0,0,268,-0.00921306,0.259099,0.470352,0.153452,0,0
0,0,269,0.813814,-0.527924,0.315517,0.158925,0,0
0,0,270,0.466074,-0.499833,0.55576,-0.357235,0,0
0,0,271,0.438269,0.400243,-0.31654,0.321839,0,0
0,0,272,-0.0387177,0.582774,-0.067301,-0.504012,0,0
0,0,273,-0.10901,-0.0406653,-0.106766,0.353447,0,0
0,0,274,0.377645,0.41696,-0.675199,-0.0736415,0,0
0,0,275,-0.00356651,-0.155244,-0.476207,0.102684,0,0
0,0,276,-0.273905,0.427579,0.688405,0.307338,0,0
0,0,277,-0.153835,0.140749,0.31268,-0.248575,0,0
0,0,278,-0.917451,0.00167154,-0.0657364,0.150079,0,0
0,0,279,-0.267753,-0.239658,0.258711,0.00840629,0,0
0,0,280,-0.0385922,0.0469417,0.420733,-0.316971,0,0
0,0,281,0.464476,-0.445812,0.0640666,-0.42813,0,0
0,0,282,0.0303043,-0.144022,-0.0180949,0.103656,0,0
0,0,283,0.500509,0.279328,0.460225,0.685055,0,0
0,0,284,-0.0446206,0.583471,0.242844,-1.22934,0,0
0,0,285,0.276466,0.531572,0.22138,0.271229,0,0
0,0,286,0.164177,0.393794,-0.605802,-0.304564,0,0
0,0,287,0.324948,-0.628933,-0.359285,0.253494,0,0
0,0,288,0.0910843,0.231157,0.26762,-0.138382,0,0
0,0,289,-0.0678799,-0.105183,-0.395267,-0.172424,0,0
0,0,290,-0.353301,0.10227,0.471946,0.0492631,0,0
0,0,291,-0.117008,-0.521502,0.0690601,0.597727,0,0
0,0,292,0.607034,0.00830806,-0.42879,0.354105,0,0
0,0,293,-0.465811,-0.0800924,-0.126756,-0.178368,0,0
0,0,294,-0.171692,0.710493,-0.0643969,0.0908853,0,0
0,0,295,-0.0733217,-0.375954,-0.283537,-0.425332,0,0
0,0,296,0.340098,-0.178793,0.0175134,0.067552,0,0
0,0,297,0.0628641,-0.522519,-0.213973,-0.00446035,0,0
0,0,298,-0.0107726,0.0585857,0.30265,-0.0761426,0,0
0,0,299,0.218472,0.296051,-0.10164,0.562864,0,0
0,0,300,0.19817,-0.0834292,-0.000100083,-0.220647,0,0
0,0,301,0.382258,0.509979,0.272566,-0.443947,0,0
0,0,302,0.0278189,0.700678,-0.0078224,-0.122886,0,0
0,0,303,0.878166,0.511311,0.0043949,-0.208313,0,0
0,0,304,0.43331,-0.201372,-0.553104,0.0347696,0,0
0,0,305,-0.155613,-0.0304491,-0.0563996,-0.444324,0,0
0,0,306,0.027783,-0.141351,-1.02193,0.187388,0,0
0,0,307,0.0571133,1.01783,0.538562,0.0309793,13.9422,8.27248
0,0,308,-0.165723,0.336605,-0.323987,-0.358117,0,0
0,0,309,0.254243,-0.287138,-0.0608218,0.513148,0,0
0,0,310,-0.123269,-0.162037,-0.127219,-0.156568,0,0
0,0,311,0.757829,-0.0130794,-0.320792,0.483895,0,0
0,0,312,0.869342,0.309325,-0.52565,-0.0340082,0,0
0,0,313,-0.605689,-0.239997,-0.805587,0.00494807,0,0
0,0,314,1.01823,-0.0953363,-0.409782,0.210269,0,0
0,0,315,0.139167,-0.497597,0.316547,-0.0748776,0,0
0,0,316,0.128276,-0.421633,-0.140903,-0.327044,0,0
0,0,317,-0.0548587,-0.0221219,-0.312101,0.10572,0,0
0,0,318,-0.0388559,-0.208461,0.235173,-0.437316,0,0
0,0,319,0.0360901,0.149629,0.206819,0.26422,0,0
0,0,320,0.192604,0.0523006,-0.0967506,0.013097,0,0
0,0,321,0.373626,0.196986,-0.087873,-0.229096,0,0
0,0,322,0.580466,-0.156874,-0.376959,-0.331468,0,0
0,0,323,-0.0560506,-0.312443,-0.142113,-0.298406,0,0
0,0,324,0.00774579,0.0866044,-0.243182,-0.237775,0,0
0,0,325,0.488871,-0.198711,-0.428678,0.721803,0,0
0,0,326,0.0324354,-0.574544,-0.62295,0.110741,0,0
0,0,327,0.281574,-0.280032,-0.473819,-0.592156,0,0
0,0,328,-0.458659,-0.178783,-0.746056,0.131283,0,0
0,0,329,0.438061,0.22707,0.523551,-0.542836,0,0
0,0,330,0.0852995,0.100294,0.176728,-0.196755,0,0
0,0,331,0.132549,-0.582013,0.238906,0.0184177,0,0
0,0,332,0.135312,0.0393815,0.0431347,-0.0323841,0,0
0,0,333,-0.312733,-0.297233,0.567296,0.641763,0,0
0,0,334,0.410657,0.0105151,-0.209621,-0.73378,0,0
0,0,335,-0.0836613,-0.090688,-0.342914,0.337338,0,0
0,0,336,-0.186943,0.0434239,-0.0675257,0.191099,0,0
0,0,337,-0.263679,0.264836,0.0275232,-0.0521783,0,0
0,0,338,0.318872,0.645495,0.368045,-0.993027,0,0
0,0,339,0.0121986,0.152667,-0.18422,-0.0449505,0,0
0,0,340,0.449346,-0.241089,-0.216378,0.292561,0,0
0,0,341,0.0641172,-0.0694407,0.422616,0.0647915,0,0
0,0,342,-0.405408,-0.107056,-0.141629,-0.442669,0,0
0,0,343,0.236328,-0.312907,-0.460786,0.0237255,0,0
0,0,344,0.306879,-0.515402,0.730166,-0.254291,0,0
0,0,345,-0.253068,-0.187079,0.11315,-0.0464799,0,0
0,0,346,-0.0997465,-0.147565,-0.159429,0.372471,0,0
0,0,347,0.094073,0.511415,0.143777,-0.187724,0,0
0,0,348,0.319836,-0.099091,0.0972808,-0.284972,0,0
0,0,349,0.699453,0.739737,0.0720919,0.515446,0,0
0,0,350,-0.108842,-0.462326,-0.0131286,0.0677168,0,0
0,0,351,-0.318399,-0.316404,0.451475,-0.0300245,0,0
0,0,352,-0.232312,0.240672,0.122006,0.221462,0,0
0,0,353,0.0941168,-0.434027,-0.243372,0.167701,0,0
0,0,354,0.168279,0.463143,0.315088,-0.773853,0,0
0,0,355,0.606899,-0.0576822,0.0217001,-0.127286,0,0
0,0,356,0.412988,-0.103122,-0.202358,-0.79346,0,0
0,0,357,0.694937,0.0397896,-0.166769,-0.10844,0,0
0,0,358,-0.00489279,-1.14836,-0.15081,-0.0797084,-86.2592,8.1393
0,0,359,-0.0376354,0.0134234,-0.202062,-0.174415,0,0
0,0,360,0.178852,0.330022,-0.294196,-0.493459,0,0
0,0,361,0.511681,-0.0179104,-0.0265474,-0.405343,0,0
0,0,362,0.564186,0.0339537,0.111064,0.525903,0,0
0,0,363,0.317914,-0.536676,0.0261952,0.0464073,0,0
0,0,364,-0.130068,-0.175456,-0.478835,-0.222504,0,0
0,0,365,-0.0237214,-0.195318,0.213893,0.708891,0,0
0,0,366,0.399798,0.171897,-0.390978,0.409697,0,0
0,0,367,0.178145,0.288814,-0.049436,0.0622757,0,0
0,0,368,-0.156376,0.121015,-0.129912,-0.0807928,0,0
0,0,369,0.347735,-0.0925435,0.324539,0.431844,0,0
0,0,370,-0.0560928,0.291017,-0.284306,-0.00648834,0,0
0,0,371,0.320786,0.239852,-0.459582,0.529635,0,0
0,0,372,-0.237648,-0.394299,0.216502,0.233637,0,0
0,0,373,0.0684784,-0.398985,0.343012,-0.321607,0,0
0,0,374,-0.0713236,-0.379188,-0.411648,-0.48984,0,0
0,0,375,0.279939,-0.555984,0.523683,-0.70938,0,0
0,0,376,-0.024733,0.362853,-0.0138308,0.238582,0,0
0,0,377,0.393211,0.728954,-0.220248,0.171821,0,0
0,0,378,-0.278512,0.0736085,-0.282112,0.103564,0,0
0,0,379,-0.0540564,0.306725,-0.0397295,0.519177,0,0
0,0,380,-0.242055,-0.646869,0.249543,-0.0379515,0,0
0,0,381,-0.344503,-0.311538,0.332397,-0.192652,0,0
0,0,382,-0.166533,-0.109458,0.121879,0.645721,0,0
0,0,383,0.24489,-0.116335,-0.155281,-0.231576,0,0
0,0,384,-0.0992832,-0.0235714,0.25077,0.126616,0,0
0,0,385,-0.0612221,0.0398618,-0.00335691,1.14708,0,0
0,0,386,0.423481,0.219534,0.396561,0.000928637,0,0
0,0,387,0.807602,0.353361,-0.2136,0.091263,0,0
0,0,388,0.0247111,-0.572936,-0.0337408,-0.587098,0,0
0,0,389,0.320839,-0.229005,-0.535599,-0.320143,0,0
0,0,390,0.405674,-0.150075,-0.588143,-0.298899,0,0
0,0,391,0.675998,-0.0702252,-0.0276376,0.196945,0,0
0,0,392,0.596512,0.0464338,-0.345811,-0.185052,0,0
0,0,393,0.00291545,-0.000267781,-0.24032,-0.314755,0,0
0,0,394,0.00442868,-0.0506048,-0.52627,0.000742959,0,0
0,0,395,-0.0251129,-0.419835,-0.299732,-0.212217,0,0
0,0,396,-0.0730896,-0.285253,-0.0383412,-0.229302,0,0
0,0,397,0.55569,-0.320783,0.24106,-0.0484121,0,0
0,0,398,-0.170127,0.266678,-0.0375238,0.322128,0,0
0,0,399,0.879658,-0.757908,-0.0825768,0.337732,0,0
0,0,400,0.127765,0.368908,-0.00669895,-0.333242,0,0
0,0,401,0.173625,0.214671,-0.357833,0.477574,0,0
0,0,402,0.0661787,-0.323792,0.259455,-0.0185973,0,0
0,0,403,-0.443557,-0.240892,0.281013,0.430655,0,0
0,0,404,0.393873,-0.0669163,-0.242924,-0.0390432,0,0
0,0,405,0.411453,0.140361,-0.0234346,-0.0541284,0,0
0,0,406,0.00802053,-0.22744,-0.20541,0.248596,0,0
0,0,407,-0.23036,-0.175314,-0.147346,0.336293,0,0
0,0,408,0.562918,0.178111,0.332079,-0.33151,0,0
0,0,409,0.366097,0.304112,0.608468,-0.276252,0,0
0,0,410,-0.159008,-0.108103,-0.0305556,-0.198934,0,0
0,0,411,0.328288,0.511118,-0.483823,0.351829,0,0
0,0,412,0.390951,0.0803539,-0.208335,-0.0508865,0,0
0,0,413,0.940877,0.0735915,-0.255507,-0.553001,0,0
0,0,414,0.287913,0.259425,-0.0945949,-0.0360038,0,0
0,0,415,-0.0692255,0.0788337,-0.303374,0.696235,0,0
0,0,416,0.0906372,0.439846,0.28504,-0.278732,0,0
0,0,417,-0.30655,0.211201,-0.312474,-0.323793,0,0
0,0,418,0.0132123,-0.0918066,-0.0548869,0.14609,0,0
0,0,419,0.0249346,0.272753,0.0950077,0.0903609,0,0
0,0,420,0.0061749,0.533425,0.62416,-0.126595,0,0
0,0,421,0.0529624,-0.533689,0.0126978,0.0173927,0,0
0,0,422,0.276313,0.348631,0.244344,-0.172892,0,0
0,0,423,0.123898,0.165224,0.0174457,-0.210014,0,0
0,0,424,0.105314,0.148774,-0.0117614,0.910868,0,0
0,0,425,-0.0177015,0.100127,-0.123158,-0.306012,0,0
0,0,426,0.716021,0.460885,0.357671,0.0923914,0,0
0,0,427,0.55402,-0.640166,0.188511,0.354801,0,0
0,0,428,0.777315,-0.232912,0.36901,0.0391603,0,0
0,0,429,0.431667,-0.114485,0.127271,0.393132,0,0
0,0,430,-0.227052,0.264014,-0.689021,0.211062,0,0
0,0,431,-0.0761158,0.459254,0.161476,-0.0191543,0,0
0,0,432,0.151285,-0.16043,0.220891,0.20361,0,0
0,0,433,0.193077,-0.346395,-0.520024,0.0239933,0,0
0,0,434,0.516984,-0.138003,0.460251,-0.27361,0,0
0,0,435,0.201891,0.157383,-0.17404,0.0154031,0,0
0,0,436,-0.372281,-0.27125,-0.138479,-0.0487064,0,0
0,0,437,0.274033,0.271073,-0.291403,0.15396,0,0
0,0,438,0.307453,0.268522,0.658244,0.18772,0,0
0,0,439,0.302628,0.30666,-0.283706,-0.0572173,0,0
0,0,440,-0.0529248,-0.0537106,-0.289973,0.0359849,0,0
0,0,441,-0.0425708,-0.0961907,-0.215805,-0.20256,0,0
0,0,442,-0.221865,0.320272,0.808829,0.0130839,0,0
0,0,443,0.186539,-0.274995,0.03642,0.431504,0,0
0,0,444,-0.034036,-0.39399,-0.121202,-0.088522,0,0
0,0,445,0.230586,0.207586,-0.396715,0.455703,0,0
0,0,446,0.0505373,0.335938,-0.199487,-0.0952605,0,0
0,0,447,0.157047,-0.343443,-0.0409873,0.201116,0,0
0,0,448,0.18658,-0.00746503,0.301768,0.0661499,0,0
0,0,449,0.301005,0.174561,-0.170558,0.292957,0,0
0,0,450,-0.0050922,-0.253122,0.278488,-0.137981,0,0
0,0,451,-0.230508,-0.554038,0.414772,0.299269,0,0
0,0,452,0.0820937,-0.731067,-0.651368,0.0185599,0,0
0,0,453,-0.929409,0.268384,-0.883412,0.152352,0,0
0,0,454,0.28168,-0.161153,0.751679,-0.0842009,0,0
0,0,455,0.536765,-0.129653,0.212866,0.387518,0,0
0,0,456,0.592881,-0.870757,-0.225058,-0.0116434,0,0
0,0,457,0.13194,0.0696137,-0.161278,0.0630922,0,0
0,0,458,-0.443516,0.137025,0.109536,0.144607,0,0
0,0,459,-0.388385,0.259376,0.309456,0.197159,0,0
0,0,460,-0.174991,0.101129,0.263651,-0.152262,0,0
0,0,461,-0.431429,-0.289173,-0.176254,0.338699,0,0
0,0,462,0.228957,-0.272061,-0.520642,-0.043002,0,0
0,0,463,-0.164907,0.0811213,-0.894966,-0.0660195,0,0
0,0,464,-0.100102,-0.00250814,-0.124221,-0.00469106,0,0
0,0,465,0.159032,0.0598795,0.338788,-0.292425,0,0
0,0,466,0.0529444,-0.0763642,-0.00646493,0.121537,0,0
0,0,467,-0.19854,0.333014,-0.00386391,-0.0464921,0,0
0,0,468,-0.184383,-0.38264,-0.160191,0.410421,0,0
0,0,469,-0.183607,0.334529,0.155926,-0.197139,0,0
0,0,470,0.522065,-0.532677,0.200556,0.34013,0,0
0,0,471,-0.553854,0.10444,-0.279894,-0.450755,0,0
0,0,472,-0.421008,-0.205277,-0.157802,-0.0211535,0,0
0,0,473,0.689239,0.0518378,-0.171218,-0.416966,0,0
0,0,474,-0.451976,-0.00601408,0.806378,-0.531397,0,0
0,0,475,0.0628535,0.333074,0.77879,-0.0154651,0,0
0,0,476,-0.175589,0.437596,0.174267,-0.120394,0,0
0,0,477,0.252869,-0.109433,0.34626,0.676563,0,0
0,0,478,-0.203513,0.0345688,-0.221756,0.682975,0,0
0,0,479,-0.00671548,0.281197,0.879651,0.476934,0,0
0,0,480,-0.0570253,0.213999,0.408074,-0.396422,0,0
0,0,481,-0.20584,-0.0968191,-0.0437618,0.0269241,0,0
0,0,482,-0.295547,-0.0083939,0.0413819,-0.312876,0,0
0,0,483,0.024867,-0.0314361,0.499193,0.572287,0,0
0,0,484,0.476245,0.274466,0.249494,-0.181488,0,0
0,0,485,0.109149,0.129808,-0.0847444,-0.0748283,0,0
0,0,486,-0.669972,-0.241821,-0.904903,-0.231296,0,0
0,0,487,0.464101,-0.136479,-0.13817,0.0216576,0,0
0,0,488,-0.327547,0.0622107,-0.139235,0.0510562,0,0
0,0,489,0.1981,-0.322825,0.864767,0.152998,0,0
0,0,490,0.642128,0.016442,-0.436874,0.013953,0,0
0,0,491,-0.117407,0.472164,-0.489936,-0.592905,0,0
0,0,492,-0.326598,-0.167843,0.0191625,0.43826,0,0
0,0,493,0.380788,0.165659,-0.216975,0.0841961,0,0
0,0,494,-0.196445,-0.497357,0.00129689,-0.0460163,0,0
0,0,495,-0.252677,0.573426,-0.336674,-0.0640852,0,0
0,0,496,-0.150132,0.0456113,-0.422803,0.229638,0,0
0,0,497,0.263241,0.450801,0.684627,-0.392033,0,0
0,0,498,0.387403,0.0212197,-0.16153,0.442731,0,0
0,0,499,0.0713109,0.355117,0.305077,0.125166,0,0
0,0,500,0.439309,-0.709081,-0.27457,-0.249634,0,0
0,0,501,0.05614,-0.0703086,0.0323825,0.521565,0,0
0,0,502,-0.414768,-0.543166,-0.151521,0.266308,0,0
0,0,503,0.0809454,-1.01423,-0.502179,-0.00329626,-76.8292,8.40774
0,0,504,-0.507801,0.313738,-0.464445,-0.253488,0,0
0,0,505,0.384411,-0.0506174,-0.135972,0.470614,0,0
0,0,506,-0.284096,0.152602,-0.244051,-0.824211,0,0
0,0,507,-0.0731905,0.587955,-0.160869,-0.11135,0,0
0,0,508,0.340529,0.14601,0.174387,-0.816495,0,0
0,0,509,0.0743071,-0.199815,-0.177586,0.139002,0,0
0,0,510,0.358464,-0.483249,-0.108658,-0.0251665,0,0
0,0,511,0.226702,0.583242,-0.546556,0.0219803,0,0
0,0,512,-0.355882,-0.139952,0.10716,0.202505,0,0
0,0,513,0.547385,0.0319975,-0.0476114,-0.38247,0,0
0,0,514,0.307435,-0.110138,0.339591,0.00639131,0,0
0,0,515,-0.152776,0.542401,0.553845,-0.24277,0,0
0,0,516,-0.290359,-0.0580087,0.508647,-0.188212,0,0
0,0,517,0.506069,0.877299,0.101899,0.24382,0,0
0,0,518,-0.543825,-0.04554,-0.00819712,-0.140862,0,0
0,0,519,-0.0618925,0.246548,0.103699,-0.10929,0,0
0,0,520,1.00376,-0.0553195,0.152362,-0.143704,0,0
0,0,521,-0.501474,0.485468,0.301749,0.418568,0,0
0,0,522,-0.361107,-0.532613,0.133227,-0.219631,0,0
0,0,523,0.25544,-0.319494,0.381996,0.654765,0,0
0,0,524,0.362582,-0.201911,-0.252901,0.464707,0,0
0,0,525,0.0665858,-0.160877,-0.371364,-0.402545,0,0
0,0,526,0.408106,0.403462,0.326922,-0.415403,0,0
0,0,527,-0.479302,-0.0809758,-0.0303783,-0.606011,0,0
0,0,528,-0.050645,0.264808,0.113692,-0.357993,0,0
0,0,529,0.00796366,0.593865,-0.400732,0.218745,0,0
0,0,530,0.593495,-0.373693,0.0225069,0.846801,0,0
0,0,531,0.00790278,-0.29364,0.124325,-0.315302,0,0
0,0,532,-0.468057,-0.314928,-0.543639,-0.723408,0,0
0,0,533,0.0115678,-0.430708,-0.447201,0.614406,0,0
0,0,534,0.137795,-0.631265,0.31496,-0.031195,0,0
0,0,535,0.145323,0.30223,-0.276493,-0.821778,0,0
0,0,536,0.298531,-0.385418,-0.271408,-0.103671,0,0
0,0,537,-0.156651,-0.405065,-0.62036,-0.11343,0,0
0,0,538,-0.0652295,-0.140098,-0.336644,-0.263116,0,0
0,0,539,-0.330834,-0.362273,0.225449,-0.0777948,0,0
0,0,540,-0.146863,-0.352543,-0.28797,-0.519199,0,0
0,0,541,0.138751,-0.58618,0.0061482,-0.37606,0,0
0,0,542,-0.441489,-0.149214,0.440901,0.177127,0,0
0,0,543,-0.291678,-0.11622,0.481413,-0.207374,0,0
0,0,544,-0.0101253,0.072234,0.105449,-0.11324,0,0
0,0,545,0.132086,0.0365851,0.470638,0.338733,0,0
0,0,546,-0.0799194,-0.0252095,0.333723,-0.0253389,0,0
0,0,547,-0.0699612,-0.516762,0.381163,-0.48341,0,0
0,0,548,0.00701584,0.478518,-0.0589773,0.179402,0,0
0,0,549,-0.696184,-0.149355,0.223012,-0.103028,0,0
0,0,550,-0.291622,-0.182179,0.402431,-0.227973,0,0
0,0,551,-0.217931,-0.0376511,0.147362,-0.208595,0,0
0,0,552,-0.142901,0.214223,-0.22865,-0.47798,0,0
0,0,553,0.0610776,0.142432,-0.146773,0.176977,0,0
0,0,554,-0.306924,-0.161858,-0.0982978,0.190491,0,0
0,0,555,-0.0192761,-0.244337,0.20761,-0.347199,0,0
0,0,556,-0.188966,-0.483148,0.0884532,0.482534,0,0
0,0,557,-0.284624,0.207774,0.114359,-0.444695,0,0
0,0,558,-0.171252,-0.339991,-0.223863,-0.106124,0,0
0,0,559,0.29946,0.02017,-0.310777,0.178618,0,0
0,0,560,-0.0481896,-0.480022,0.0340812,-0.466931,0,0
0,0,561,0.310733,0.352295,-0.0727346,-0.0167179,0,0
0,0,562,-0.408293,0.192432,-0.29116,0.142272,0,0
0,0,563,0.390087,-0.0529357,0.012382,0.0496977,0,0
0,0,564,0.372458,0.452734,-0.00919351,0.129101,0,0
0,0,565,0.760186,-0.0477692,-0.0987514,-0.098879,0,0
0,0,566,-0.0967572,0.00743194,0.0267307,0.406233,0,0
0,0,567,-0.144991,-0.30523,0.208096,-0.182749,0,0
0,0,568,-0.517229,0.280333,-0.165493,0.174942,0,0
0,0,569,-0.177788,-0.0681059,-0.15533,-0.0381259,0,0
0,0,570,-0.382137,-0.148505,-0.155287,-0.142103,0,0
0,0,571,-0.232509,0.0696595,-0.083084,0.0176629,0,0
0,0,572,0.473051,-0.249267,-0.474016,0.756067,0,0
0,0,573,-0.219569,-0.549645,0.0494858,-0.0306922,0,0
0,0,574,0.202886,0.203242,0.0602695,0.282886,0,0
0,0,575,-0.0451165,0.137609,0.28254,-0.282399,0,0
0,0,576,-0.0364733,-0.0282285,-0.190108,0.416798,0,0
0,0,577,0.290745,0.049413,0.059751,0.234509,0,0
0,0,578,-0.121849,-0.744552,-0.208327,-0.600052,0,0
0,0,579,-0.134268,0.280539,0.301212,-0.120988,0,0
0,0,580,0.352398,-0.63983,0.10457,-0.126505,0,0
0,0,581,-0.600732,0.391045,-0.14995,0.338244,0,0
0,0,582,0.961077,0.6879,-0.303307,-0.0389207,0,0
0,0,583,0.211234,-0.113962,0.197884,0.125088,0,0
0,0,584,-0.307563,-0.0320084,-0.0123602,0.256383,0,0
0,0,585,0.053137,0.197091,-0.163756,0.618479,0,0
0,0,586,0.227471,-0.800805,-0.208499,0.140982,0,0
0,0,587,0.518158,-0.316927,0.223512,0.175414,0,0
0,0,588,0.109445,0.183947,-0.424061,0.345923,0,0
0,0,589,0.195711,-0.444124,-0.0161302,0.424052,0,0
0,0,590,0.282547,0.228389,-0.305758,0.112671,0,0
0,0,591,0.167606,0.59956,-0.57913,-0.291404,0,0
0,0,592,-0.0268733,-0.213855,-0.593711,0.236438,0,0
0,0,593,-0.371623,-0.0313447,-0.291382,-0.0760497,0,0
0,0,594,-0.331875,-0.178108,0.245947,0.481406,0,0
0,0,595,-0.156745,0.258367,-0.17175,0.912356,0,0
0,0,596,0.0896346,-0.120829,0.375395,-0.0416284,0,0
0,0,597,0.264159,0.100499,-0.362226,-0.452731,0,0
0,0,598,0.0129303,0.807101,0.0392414,0.280843,0,0
0,0,599,0.623049,-0.222448,-0.0202215,0.140484,0,0
0,0,600,0.20769,0.229752,-0.333968,0.0217958,0,0
0,0,601,0.147625,0.737371,-0.0430536,-0.0554773,0,0
0,0,602,-0.259663,0.368978,-0.0507146,-0.531206,0,0
0,0,603,0.509941,0.223988,0.506128,-0.0703707,0,0
0,0,604,-0.0554415,0.303845,0.207369,0.097425,0,0
0,0,605,-0.586548,0.078456,0.137266,-0.460426,0,0
0,0,606,-0.0147672,-0.302906,0.345623,-0.305385,0,0
0,0,607,0.118661,0.314176,-0.0169194,0.525978,0,0
0,0,608,0.384453,0.409875,0.600976,-0.272843,0,0
0,0,609,-0.159234,0.253668,0.657846,0.280684,0,0
0,0,610,-0.184993,0.537691,0.0056873,0.609521,0,0
0,0,611,-0.794745,0.193112,-0.638912,-0.0200718,0,0
0,0,612,0.144786,0.0134113,0.568669,-0.663777,0,0
0,0,613,0.413507,0.48975,0.221776,0.00831155,0,0
0,0,614,0.0480489,0.533414,0.428748,0.374712,0,0
0,0,615,0.147551,-0.132208,-0.0146103,0.130387,0,0
0,0,616,0.017825,-0.530727,0.771296,0.378404,0,0
0,0,617,-0.389909,-0.635359,0.122232,-0.362137,0,0
0,0,618,0.6407,-0.178355,-0.330994,0.135179,0,0
0,0,619,0.982548,0.0992156,0.0432886,-0.101797,0,0
0,0,620,0.393487,0.366996,0.559261,-0.332394,0,0
0,0,621,0.236238,-0.116729,-0.777431,0.109897,0,0
0,0,622,0.0499816,-0.0302371,0.165969,0.126434,0,0
0,0,623,-0.0294299,0.0121594,-0.377167,0.131948,0,0
0,0,624,0.504838,-0.56675,-0.355442,0.0976148,0,0
0,0,625,0.0261573,-0.226989,-0.333219,0.140791,0,0
0,0,626,-0.13139,-0.597176,-0.261842,-0.397833,0,0
0,0,627,-0.48184,0.568029,0.55127,0.40286,0,0
0,0,628,-0.0542616,-0.336399,-0.478755,-0.911867,0,0
0,0,629,0.0112779,0.204148,-0.493184,0.166405,0,0
0,0,630,0.190396,-0.0856353,0.510455,-0.0933847,0,0
0,0,631,-0.0790068,0.0490892,-0.60802,-0.396251,0,0
0,0,632,0.200467,0.0535651,-0.343117,0.652293,0,0
0,0,633,-0.270321,-0.18837,0.148613,0.0703255,0,0
0,0,634,0.4452,-0.771982,0.59625,0.478853,0,0
0,0,635,-0.463099,-0.0840118,0.441682,-0.0465396,0,0
0,0,636,-0.335228,-0.0349215,-0.14753,0.375278,0,0
0,0,637,0.69249,-0.135049,-0.0340458,0.29106,0,0
0,0,638,0.521144,-0.109524,-0.253358,-0.376411,0,0
0,0,639,0.135506,0.430256,-0.0929674,-0.208329,0,0
0,0,640,0.148632,-0.203857,-0.883475,0.622628,0,0
0,0,641,0.422973,-0.272361,-0.0316867,-0.212873,0,0
0,0,642,0.51876,0.165531,0.124085,-0.161882,0,0
0,0,643,0.248024,0.205611,-0.687865,0.169325,0,0
0,0,644,0.550534,-0.00446877,-0.234413,0.26871,0,0
0,0,645,0.305707,-1.22731,-0.349229,-0.423301,-82.0582,7.4102
0,0,646,-0.207806,0.309465,-0.508857,0.0689243,0,0
0,0,647,-0.417557,-0.0205389,-0.0211006,0.0499326,0,0
0,0,648,0.0842146,0.553659,-0.155224,-0.382132,0,0
0,0,649,0.155889,-1.11966,-0.0414156,-0.000931557,0,0
0,0,650,0.347056,-0.211473,-0.764774,0.270676,0,0
0,0,651,0.35315,0.129362,0.0992152,0.614618,0,0
0,0,652,0.828723,-0.153417,-0.566898,0.190711,0,0
0,0,653,0.00452847,0.331823,-0.476546,0.130939,0,0
0,0,654,-0.127117,-0.000134456,0.00549683,0.21376,0,0
0,0,655,0.246245,-0.351392,0.224388,-0.173921,0,0
0,0,656,0.0888505,-0.6246,-0.645493,-0.204122,0,0
0,0,657,-0.324084,0.0402607,-0.813578,0.554081,0,0
0,0,658,-0.271262,-0.388482,0.481224,-0.415334,0,0
0,0,659,0.632521,0.193666,-0.212098,0.244551,0,0
0,0,660,0.141802,-0.185423,0.118424,-0.00191099,0,0
0,0,661,0.513623,0.394896,-0.0470357,0.00935553,0,0
0,0,662,-0.18776,0.115544,-0.354314,0.178504,0,0
0,0,663,-0.748203,-0.147803,0.728377,0.086329,0,0
0,0,664,-0.710567,0.375063,-0.14911,-0.0324338,0,0
0,0,665,-0.0458783,-0.680448,0.0440576,-0.175533,0,0
0,0,666,0.197029,0.00392251,-0.0309822,0.376741,0,0
0,0,667,0.760215,0.0764192,0.00812501,-0.0200622,0,0
0,0,668,0.716279,0.0306354,-0.392175,-0.115558,0,0
0,0,669,0.183835,0.167416,-0.0433516,-0.156183,0,0
0,0,670,0.0668647,-0.057684,0.895482,0.0528135,0,0
0,0,671,0.115452,0.106279,-0.197987,-0.207516,0,0
0,0,672,-0.0582439,-0.79053,-0.557696,0.215674,0,0
0,0,673,-0.0579209,0.0146008,-0.16694,0.122467,0,0
0,0,674,0.64604,0.704017,0.163835,-0.128099,0,0
0,0,675,-0.525705,-0.162702,0.201616,0.177105,0,0
0,0,676,0.644542,0.337572,-0.226502,-0.279833,0,0
0,0,677,-0.202433,0.555007,0.456027,-0.0563513,0,0
0,0,678,-0.00210212,-0.00681635,0.555306,-0.60466,0,0
0,0,679,0.145592,0.19979,-0.0309911,0.011096,0,0
0,0,680,-0.171113,0.198089,-0.354446,0.420741,0,0
0,0,681,0.398454,0.16338,-0.380564,0.0235514,0,0
0,0,682,0.0395758,-0.609268,-0.34322,0.686676,0,0
0,0,683,1.08712,-0.0187398,-0.309728,-1.07484,0,0
0,0,684,-0.216106,-0.530975,-0.0411183,0.0561829,0,0
0,0,685,-0.159453,0.00631903,0.441851,0.0509451,0,0
0,0,686,-0.172562,0.223575,0.248471,0.0929787,0,0
0,0,687,0.451903,0.202856,0.134845,-0.15098,0,0
0,0,688,1.08934,-0.225618,0.115179,0.458594,0,0
0,0,689,-0.299578,0.311612,-0.157668,-0.204435,0,0
0,0,690,-0.370761,-0.262044,-1.02238,0.124426,0,0
0,0,691,0.238712,-0.284349,-0.175474,-0.748145,0,0
0,0,692,-0.205788,-0.349522,-0.458729,-0.497196,0,0
0,0,693,0.000604988,0.273917,-0.447927,-0.461226,0,0
0,0,694,-0.047833,0.114244,0.0219903,0.0129062,0,0
0,0,695,0.459339,0.186004,-0.20719,0.341907,0,0
0,0,696,0.183893,-0.0306705,-0.634437,-0.0812087,0,0
0,0,697,-0.254889,-0.350535,0.0621979,-0.0990628,0,0
0,0,698,0.197054,-0.0992253,0.362272,-0.332151,0,0
0,0,699,0.0961854,0.00518553,0.162861,0.49778,0,0
0,0,700,0.131152,-0.12059,-0.542199,-0.136228,0,0
0,0,701,-0.188383,-0.677877,-0.348132,0.100159,0,0
0,0,702,0.0958782,0.113862,0.0377981,-0.12587,0,0
0,0,703,0.329331,0.0143765,-0.570729,0.361013,0,0
0,0,704,-0.390305,0.776718,-0.533571,-0.404376,0,0
0,0,705,0.0949686,-0.314017,-0.463276,-0.218525,0,0
0,0,706,-0.326067,-0.0387873,0.133782,-0.565437,0,0
0,0,707,0.291289,-0.282897,0.396779,-0.296093,0,0
0,0,708,-0.0998927,-0.497232,0.327981,0.3338,0,0
0,0,709,0.742743,-0.0955077,-0.372523,0.569816,0,0
0,0,710,-0.474862,-0.263641,0.175654,-0.631301,0,0
0,0,711,0.47654,-0.808568,-0.144654,0.302995,0,0
0,0,712,0.255444,-0.170667,0.326816,-0.497318,0,0
0,0,713,0.00405544,-0.176584,-0.0559269,-0.517367,0,0
0,0,714,0.507703,0.216173,0.542467,0.263856,0,0
0,0,715,0.429223,-0.162283,-0.304091,0.294486,0,0
0,0,716,0.301522,-0.621018,0.05817,0.0406547,0,0
0,0,717,-0.104441,0.19559,0.488299,-0.436888,0,0
0,0,718,-0.447238,-0.375882,-0.331037,-0.332007,0,0
0,0,719,0.10228,-0.132855,0.384991,-0.0237912,0,0
0,0,720,-0.0930053,0.792032,0.277235,-0.844983,0,0
0,0,721,-0.385459,0.319572,-0.272874,0.19791,0,0
0,0,722,0.0736257,-0.155493,0.157891,-0.162121,0,0
0,0,723,0.0961451,0.0159336,-0.931607,0.0285226,0,0
0,0,724,0.349563,-0.018276,0.0715301,-0.0629153,0,0
0,0,725,0.0311473,-0.000736915,-0.227222,-0.248157,0,0
0,0,726,-0.0984642,-0.429818,0.256355,0.196956,0,0
0,0,727,-0.147217,0.0754947,0.0502818,0.315974,0,0
0,0,728,0.0997382,-0.752892,-0.0782284,0.218039,0,0
0,0,729,0.319212,0.233366,-0.224474,0.470785,0,0
0,0,730,-0.524349,0.349062,-0.24795,-0.453139,0,0
0,0,731,-0.46842,-0.386017,-0.189787,0.125139,0,0
0,0,732,-0.0151234,-0.230982,-0.378065,0.390482,0,0
0,0,733,0.429803,-0.188595,-0.206474,-0.39102,0,0
0,0,734,-0.2627,-0.0458351,-0.134716,-0.513886,0,0
0,0,735,-0.063405,-0.98885,-0.32662,0.290075,0,0
0,0,736,0.343209,-0.253376,-0.970667,0.35305,0,0
0,0,737,0.307139,0.274305,0.278835,0.354327,0,0
0,0,738,0.0842111,-0.457427,0.198317,0.00332475,0,0
0,0,739,-0.00479677,-0.451964,0.380469,-0.412401,0,0
0,0,740,0.296852,-0.157244,-0.20105,0.482072,0,0
0,0,741,-0.584369,-0.578866,-0.249122,0.330653,0,0
0,0,742,-0.399946,0.545803,0.420636,-0.30018,0,0
0,0,743,0.437087,-0.0422173,0.47093,-0.230638,0,0
0,0,744,0.389958,0.226416,-1.12251,0.0897593,-39.2981,8.62913
0,0,745,0.118397,-0.370894,-0.415475,0.295142,0,0
0,0,746,0.0160467,-0.159903,0.128408,-0.0736843,0,0
0,0,747,-0.521044,0.234027,-0.23917,0.557144,0,0
0,0,748,-0.0661956,0.205253,-0.106267,0.693786,0,0
0,0,749,-0.0107408,0.0551453,0.200907,-0.00299927,0,0
0,0,750,0.0276959,0.52682,-0.661281,0.167932,0,0
0,0,751,-0.530742,0.373803,0.0455407,0.370295,0,0
0,0,752,-0.0909723,0.173791,0.302283,-0.519993,0,0
0,0,753,0.254202,-0.0390829,-0.400856,0.345879,0,0
0,0,754,0.492317,-0.0695112,-0.562101,-0.213642,0,0
0,0,755,-0.861232,-0.179089,0.469245,0.1364,0,0
0,0,756,0.616349,0.216429,-0.391997,-0.174756,0,0
0,0,757,0.363294,0.302388,-0.0573747,0.929815,0,0
0,0,758,0.225617,0.447853,-0.067619,-1.06523,0,0
0,0,759,-0.271257,-0.0550664,-0.135788,0.459972,0,0
0,0,760,0.154104,0.269147,-0.0789815,0.0768246,0,0
0,0,761,-0.218633,1.05894,-0.581897,-0.124162,-14.3946,7.88924
0,0,762,0.444356,0.0558701,0.564206,0.115569,0,0
0,0,763,0.291259,0.524409,-0.108264,0.174562,0,0
0,0,764,0.734145,0.154663,-0.438991,-0.0584426,0,0
0,0,765,-0.171583,0.275917,0.0115004,-0.0995346,0,0
0,0,766,-0.197639,0.375909,-0.129003,-0.335757,0,0
0,0,767,0.968532,0.289569,0.0318192,-0.143045,0,0
0,0,768,0.218859,0.403606,-0.645594,0.1547,0,0
0,0,769,0.281227,-0.207054,0.101708,0.720236,0,0
0,0,770,-0.324245,-0.656527,-0.414293,-0.169755,0,0
0,0,771,-0.735919,-0.0518365,-0.0688701,0.626545,0,0
0,0,772,0.0209574,-0.00943347,-0.197045,-0.332962,0,0
0,0,773,-0.255708,-0.572533,-0.0786817,-0.283055,0,0
0,0,774,-0.233589,-0.0221049,0.264673,-0.417444,0,0
0,0,775,0.406537,-0.00222117,-0.222462,-0.227184,0,0
0,0,776,-0.355357,-0.499518,0.0963919,-0.642597,0,0
0,0,777,0.648007,-0.0505301,0.135577,-0.308699,0,0
0,0,778,-0.684456,0.378686,-0.0797725,-0.0493546,0,0
0,0,779,-0.00130281,-0.177285,-0.0101306,0.429924,0,0
0,0,780,0.180008,0.411346,-0.204316,-0.217099,0,0
0,0,781,-0.715371,-0.312824,0.13151,-0.166587,0,0
0,0,782,0.873428,0.506123,-0.0167167,-0.314148,0,0
0,0,783,-0.107753,0.00510945,-0.0565988,-0.227167,0,0
0,0,784,0.314397,-0.38316,-0.448787,-0.111302,0,0
0,0,785,-0.157604,-0.333786,0.197262,-0.723583,0,0
0,0,786,0.112847,0.0433673,-0.182384,-0.539312,0,0
0,0,787,0.203923,-0.101386,-0.335499,0.145932,0,0
0,0,788,0.274899,0.0628949,-0.416888,0.00569069,0,0
0,0,789,0.636367,-0.442162,-0.0641502,0.763786,0,0
0,0,790,0.361735,-0.404971,0.0425966,0.445677,0,0
0,0,791,0.228565,-0.671476,0.342512,-0.876899,0,0
0,0,792,0.490768,0.042623,-0.0702946,0.460604,0,0
0,0,793,0.290275,-0.373412,-0.386558,-0.656624,0,0
0,0,794,0.0332213,-0.116926,-0.146855,-0.0464371,0,0
0,0,795,0.124197,-0.260855,0.00366826,-0.42002,0,0
0,0,796,-0.0652256,0.0693881,0.12039,-0.430358,0,0
0,0,797,0.0818194,-0.396498,-0.300131,-0.750037,0,0
0,0,798,-0.467368,0.663279,0.839749,0.518521,0,0
0,0,799,0.423866,-0.437599,0.118435,0.151151,0,0
0,0,800,0.281803,-0.24448,-0.0444323,0.209903,0,0
0,0,801,0.423048,0.604506,-0.285668,0.508689,0,0
0,0,802,-0.361752,-0.109144,0.10755,0.196972,0,0
0,0,803,0.549889,-0.0315148,-0.240447,-0.0184663,0,0
0,0,804,0.649899,0.656553,-0.722857,0.53959,0,0
0,0,805,-0.0528181,-0.164961,0.178819,0.496698,0,0
0,0,806,-0.30077,0.0143442,-0.0457658,0.070257,0,0
0,0,807,0.463871,-0.230511,0.407331,-0.19281,0,0
0,0,808,-0.0583649,0.68788,-0.123964,0.670011,0,0
0,0,809,-0.0769871,-0.650301,0.0608787,0.578982,0,0
0,0,810,0.619833,0.110956,0.111539,-0.125787,0,0
0,0,811,0.21259,-0.244236,-0.79655,0.837624,0,0
0,0,812,0.00764879,-0.60068,0.140295,0.24644,0,0
0,0,813,0.716132,-0.945935,0.371083,0.369843,0,0
0,0,814,0.371106,0.533033,0.493419,0.217413,0,0
0,0,815,-0.507109,-0.199814,0.235748,-0.399655,0,0
0,0,816,0.0244329,-0.0520775,-0.0356644,-0.0707365,0,0
0,0,817,0.263203,-0.0398018,-0.493259,0.0648843,0,0
0,0,818,0.556649,-0.335483,0.208065,-0.208377,0,0
0,0,819,0.529906,-0.214346,-0.321496,-0.434995,0,0
0,0,820,0.0916024,-0.462276,0.112754,0.376098,0,0
0,0,821,-0.509098,-0.0253881,-0.568478,-0.0411671,0,0
0,0,822,0.772432,-0.0301838,-0.508341,0.551573,0,0
0,0,823,0.0401393,0.10222,0.30297,0.28995,0,0
0,0,824,-0.191366,-0.176319,-0.111191,0.0585371,0,0
0,0,825,0.319547,0.382945,-0.0665291,-0.884704,0,0
0,0,826,0.216138,0.0244102,-0.0807585,-0.398277,0,0
0,0,827,0.589987,0.578236,0.509559,0.0356628,0,0
0,0,828,0.471472,-0.0107043,-0.0837234,0.15663,0,0
0,0,829,-0.215016,0.230059,-0.128211,0.0617876,0,0
0,0,830,-0.0600673,-0.0434071,0.367258,-0.72614,0,0
0,0,831,-0.190116,0.112368,-0.113869,-0.192707,0,0
0,0,832,1.03989,0.831988,0.305762,-0.271287,0,0
0,0,833,-0.223051,0.134754,0.326433,-0.0431444,0,0
0,0,834,0.212323,0.373297,-0.177122,-0.525958,0,0
0,0,835,0.568581,0.110702,0.118451,0.266225,0,0
0,0,836,0.137277,-0.27539,-0.477532,-0.173174,0,0
0,0,837,-0.252883,-0.387924,-0.102747,-0.502232,0,0
0,0,838,0.0864771,-0.145141,-0.126732,-0.0557732,0,0
0,0,839,0.280347,-0.913986,-0.570119,-0.111964,0,0
0,0,840,-0.0744722,-0.547633,-0.259815,0.343611,0,0
0,0,841,0.416774,-0.180136,-0.0154855,-0.0205251,0,0
0,0,842,-0.111231,-0.0626452,-0.230327,-0.219546,0,0
0,0,843,-0.391717,0.207915,-0.109811,0.093344,0,0
0,0,844,-0.531916,-0.296477,0.550175,0.0350115,0,0
0,0,845,0.52981,0.601034,0.175128,0.206136,0,0
0,0,846,-0.367082,0.547843,0.686023,-0.285596,0,0
0,0,847,-0.104232,-0.211343,0.0575529,-0.276202,0,0
0,0,848,0.0478152,-0.516907,-0.3885,0.374795,0,0
0,0,849,0.48178,0.373979,0.166413,-0.0357659,0,0
0,0,850,0.0520548,-0.149253,0.133484,-0.613789,0,0
0,0,851,-0.267607,0.0735819,-0.0421409,-0.455544,0,0
0,0,852,-0.0142907,-0.369976,-0.849276,-0.0892657,0,0
0,0,853,0.420788,-0.191014,-0.395465,-0.226341,0,0
0,0,854,-0.356891,-0.0297143,-0.435938,-0.319873,0,0
0,0,855,0.097653,-0.338575,-0.28513,0.0999524,0,0
0,0,856,-0.289318,0.381377,-0.432529,-0.155723,0,0
0,0,857,-0.0697245,-0.3482,-0.441087,-0.20703,0,0
0,0,858,-0.0707551,-0.0386427,0.10285,0.874265,0,0
0,0,859,0.233713,-0.362111,-0.197547,-0.311819,0,0
0,0,860,0.55407,0.320447,0.0534618,-0.1788,0,0
0,0,861,-0.608752,-0.178935,-0.399986,-0.213695,0,0
0,0,862,0.157776,-0.316602,-0.439967,-0.334745,0,0
0,0,863,-0.00270534,-0.841149,0.376186,0.229239,0,0
0,0,864,0.14945,-0.201962,-0.263469,0.141649,0,0
0,0,865,0.099011,-0.13607,-0.183396,0.533665,0,0
0,0,866,0.303776,-0.593272,-0.377008,-0.281484,0,0
0,0,867,-0.213717,0.26638,0.0705804,0.128737,0,0
0,0,868,0.875825,-0.848379,0.301456,0.191796,0,0
0,0,869,0.273821,-0.172406,-0.385708,-0.0801915,0,0
0,0,870,0.376944,0.0679741,-0.204282,-0.38869,0,0
0,0,871,0.138456,0.251815,-0.170931,-0.302408,0,0
0,0,872,-0.10756,-0.0365888,-0.230123,-0.111697,0,0
0,0,873,0.598914,0.29507,0.00693025,0.171771,0,0
0,0,874,0.446059,-0.107843,-0.0821732,0.166259,0,0
0,0,875,0.526578,-0.257256,0.528656,0.754899,0,0
0,0,876,0.295178,-0.347122,0.463029,-0.047486,0,0
0,0,877,-0.221793,-0.113126,0.159168,0.227285,0,0
0,0,878,0.0695585,0.189093,-0.398177,-0.354917,0,0
0,0,879,0.188065,0.0272303,0.46234,0.113289,0,0
0,0,880,-0.19348,0.497809,-0.168607,-0.389793,0,0
0,0,881,0.129887,-0.0194355,0.246557,0.18198,0,0
0,0,882,0.181905,-0.101571,0.876263,-0.0681151,0,0
0,0,883,-0.0585815,0.011139,-0.680838,-0.477625,0,0
0,0,884,0.395707,0.0599484,0.0414433,0.0955646,0,0
0,0,885,0.622654,0.163516,-0.366162,-0.24257,0,0
0,0,886,0.802639,0.362682,-0.206741,0.12966,0,0
0,0,887,-0.0747039,-0.258569,0.0258625,0.19056,0,0
0,0,888,0.0884969,-0.355119,-0.625152,-0.0421603,0,0
0,0,889,0.0105544,-0.0066345,-0.528009,-0.0165561,0,0
0,0,890,0.854631,-0.731595,-0.24158,-0.107239,0,0
0,0,891,-0.334796,0.0978479,0.439703,-0.507311,0,0
0,0,892,-0.32988,-0.0439192,-0.0281318,0.181418,0,0
0,0,893,0.147755,-0.223442,0.0404519,-0.273696,0,0
0,0,894,0.545574,-0.598847,-0.255387,0.0262495,0,0
0,0,895,-0.741484,-0.0192068,0.128543,-0.00292263,0,0
0,0,896,0.0168996,-0.479477,0.245841,-0.893966,0,0
0,0,897,0.343294,0.16302,-0.514182,0.195673,0,0
0,0,898,0.73725,0.581457,-0.0723837,-0.415687,0,0
0,0,899,0.174059,0.0626953,0.348241,-0.599692,0,0
0,0,900,0.208862,-0.434241,-0.554222,0.0176961,0,0
0,0,901,0.5375,0.177423,-0.0803356,0.0407396,0,0
0,0,902,0.650088,0.000826565,-0.822206,0.196053,0,0
0,0,903,-0.513809,-0.501773,0.213133,-0.281529,0,0
0,0,904,0.548696,0.290465,-0.123707,-0.203885,0,0
0,0,905,-0.0173509,-0.289729,-0.61038,-0.0682747,0,0
0,0,906,-0.114602,-0.0978738,0.113982,-0.855806,0,0
0,0,907,0.662712,-0.369732,-0.8009,-0.272997,0,0
0,0,908,0.275676,0.323739,0.722739,0.177559,0,0
0,0,909,0.259727,-0.0397966,-0.313476,0.201065,0,0
0,0,910,-0.250112,-0.0153402,-0.157982,-0.0765783,0,0
0,0,911,-0.286813,0.0319363,0.181236,-0.225414,0,0
0,0,912,0.0835514,0.327186,0.0826132,-0.198603,0,0
0,0,913,0.211199,-0.0912151,-0.137492,0.155244,0,0
0,0,914,0.543234,0.371433,-0.335093,-0.110074,0,0
0,0,915,0.472604,-0.546491,-0.94149,0.526526,0,0
0,0,916,-0.23513,-0.319194,0.42756,0.113266,0,0
0,0,917,0.0311446,-0.250454,-0.301169,-0.0408853,0,0
0,0,918,0.185902,0.505639,-0.545049,0.18433,0,0
0,0,919,0.3363,-0.0222561,-0.301883,0.356356,0,0
0,0,920,-0.351297,0.217794,0.0359932,0.0944361,0,0
0,0,921,0.303703,-0.125552,-0.181295,-0.464779,0,0
0,0,922,0.378012,0.147636,0.201783,-0.312376,0,0
0,0,923,0.100747,-0.270805,-0.0568134,0.0195034,0,0
0,0,924,0.466449,-0.014377,-0.120255,0.0673726,0,0
0,0,925,0.257557,0.0520266,-0.267051,-0.131601,0,0
0,0,926,0.504745,-0.160158,-0.979542,-0.306876,0,0
0,0,927,0.26915,-0.289824,-0.663782,0.313134,0,0
0,0,928,-0.0456346,0.6973,-0.226127,0.380943,0,0
0,0,929,-0.0178311,0.153506,0.29184,0.0577361,0,0
0,0,930,0.0886478,0.0316698,0.104368,-0.384464,0,0
0,0,931,-0.289329,-0.182274,-0.544991,0.481381,0,0
0,0,932,0.0182903,0.129921,-0.357244,-0.0048208,0,0
0,0,933,0.139831,0.0904265,-0.375314,0.038519,0,0
0,0,934,0.969868,-0.257231,0.0663918,0.00149418,0,0
0,0,935,-0.496067,0.382513,0.120421,-0.09719,0,0
0,0,936,0.213596,0.709351,-0.0312623,-0.454336,0,0
0,0,937,0.648102,0.407197,-0.0475237,-0.044824,0,0
0,0,938,-0.0272172,0.259531,0.0348302,0.55827,0,0
0,0,939,-0.0841794,-0.251058,-0.0225562,0.344353,0,0
0,0,940,0.23633,-0.33801,0.453521,0.793612,0,0
0,0,941,0.693558,0.294876,-0.132841,0.609183,0,0
0,0,942,1.2072,-0.621136,-0.446005,0.0721214,0,0
0,0,943,0.506295,0.558935,-0.215767,-0.25874,0,0
0,0,944,0.784273,0.399354,0.124084,-0.609447,0,0
0,0,945,0.48534,-0.333608,-0.192995,0.0151448,0,0
0,0,946,-0.264579,0.273942,0.181493,0.323869,0,0
0,0,947,0.562734,0.000230003,-0.192947,-0.137075,0,0
0,0,948,0.28749,-0.115295,-0.533144,-0.300262,0,0
0,0,949,0.108005,-0.493958,0.25637,0.938006,0,0
0,0,950,0.267119,-0.114736,0.0527285,0.24729,0,0
0,0,951,0.173773,0.449339,-0.17816,-0.594862,0,0
0,0,952,0.295606,-0.703621,0.733815,-0.333609,0,0
0,0,953,0.499892,0.426822,-0.384463,0.0859476,0,0
0,0,954,0.257042,-0.098003,-0.00373565,0.71169,0,0
0,0,955,0.510775,0.220791,0.0345879,-0.117685,0,0
0,0,956,0.534798,-0.327066,-0.631123,0.0154532,0,0
0,0,957,0.340778,0.0801915,-0.862179,-0.117976,0,0
0,0,958,0.339418,0.219962,-0.549529,0.185082,0,0
0,0,959,0.146511,0.471868,0.674289,-0.931239,0,0
0,0,960,0.368713,-0.409087,-0.0446284,-0.0643406,0,0
0,0,961,0.491955,-0.0320396,0.0445616,-0.606097,0,0
0,0,962,0.307912,-0.427316,-0.0152083,-0.185369,0,0
0,0,963,-0.147874,0.216256,0.0954393,-0.0696591,0,0
0,0,964,-0.0303222,0.27134,-0.218325,0.694758,0,0
0,0,965,-0.147528,-0.167238,-0.0982757,-0.266023,0,0
0,0,966,0.0151819,-0.147255,-0.734238,-0.124343,0,0
0,0,967,-0.447208,0.280521,-0.0953506,-0.287986,0,0
0,0,968,0.488118,-0.152601,-0.611403,-0.0299877,0,0
0,0,969,0.30207,-0.36143,-0.224557,0.0458751,0,0
0,0,970,-0.0680695,-0.102002,-0.114938,0.181773,0,0
0,0,971,-0.318584,-1.02153,-0.600856,0.356083,-74.7681,8.05369
0,0,972,-0.0376333,-0.652659,0.0638257,0.0600141,0,0
0,0,973,0.542126,-0.213781,-0.23037,0.011845,0,0
0,0,974,0.587403,-0.0296292,-0.384345,0.0117043,0,0
0,0,975,0.435621,-0.132542,0.316797,-0.0113182,0,0
0,0,976,0.505436,0.0464787,-0.00273265,0.298985,0,0
0,0,977,0.546844,-0.238718,-0.149932,0.310983,0,0
0,0,978,0.0441976,0.063228,0.0833832,0.532927,0,0
0,0,979,0.318348,-0.131965,0.323699,0.133521,0,0
0,0,980,-0.413408,0.988498,-0.537958,0.278969,0,0
0,0,981,0.935878,0.273076,-0.260581,0.0267163,0,0
0,0,982,0.26302,-0.368177,-0.881721,-0.111039,0,0
0,0,983,-0.406653,-0.356309,-0.0708171,-0.381714,0,0
0,0,984,0.237327,0.128373,-0.471965,-0.225413,0,0
0,0,985,0.312044,-0.827368,-0.338594,0.334855,0,0
0,0,986,0.0331617,-0.407149,0.588894,0.202755,0,0
0,0,987,0.500367,-0.00645356,-0.465628,-0.214586,0,0
0,0,988,0.119767,0.0898617,0.534147,0.198903,0,0
0,0,989,-0.0523284,-0.51833,-0.606227,-0.285512,0,0
0,0,990,0.546154,0.215942,0.101726,0.210923,0,0
0,0,991,0.622611,0.221302,0.106816,0.224326,0,0
0,0,992,-0.513034,0.460953,0.0952957,0.270594,0,0
0,0,993,0.788977,-0.439058,0.309533,-0.29149,0,0
0,0,994,0.232397,0.061768,0.0264962,0.386771,0,0
0,0,995,0.606991,-0.256548,0.104124,-0.372672,0,0
0,0,996,1.02992,-0.361195,-0.249345,0.324082,0,0
0,0,997,0.765052,0.197179,0.562769,-0.469809,0,0
0,0,998,0.874784,0.203126,-0.434149,0.254645,0,0
0,0,999,1.45764,-0.973611,-0.507374,-0.35901,0,0
0,0,1000,1.53614,-0.434787,-0.125206,0.116779,0,0
0,0,1001,1.31217,-0.310135,-0.239132,0.017104,0,0
0,0,1002,2.16694,-0.807348,0.330318,0.444962,0,0
0,0,1003,2.07192,-0.925136,-0.510358,-0.5445,0,0
0,0,1004,3.37478,-1.40881,-0.0232293,-0.173946,-89.5277,6.6848
0,0,1005,3.57106,-1.53291,0.0992051,0.258154,88.1486,6.13288
0,0,1006,4.18943,-1.85198,0.196599,0.31635,86.9702,5.06031
0,0,1007,7.1524,-1.55898,0.975158,0.308367,73.9868,5.19701
0,0,1008,8.84404,-2.52908,0.857028,0.495261,80.64,3.54615
0,0,1009,10.9118,-3.1913,0.62493,0.0686714,84.4602,2.90198
0,0,1010,14.5953,-3.96821,0.146591,0.0111526,88.9422,2.37211
0,0,1011,17.2071,-4.40059,0.168324,-0.0960164,88.9047,2.13895
0,0,1012,19.2359,-3.92614,1.12409,0.499781,82.0116,2.31546
0,0,1013,19.7215,-1.33581,0.421319,0.820805,81.2473,6.75621
0,0,1014,20.0294,-0.304714,0.158953,0.735428,0,0
0,0,1015,18.6917,1.67664,-0.621504,0.590185,-10.1695,5.30063
0,0,1016,15.905,3.32065,-0.69372,0.547316,-5.9,2.78256
0,0,1017,13.5064,3.00703,-1.01078,1.24104,-9.28977,2.98475
0,0,1018,10.73,3.41008,-1.52001,0.81192,-12.0122,2.54458
0,0,1019,9.97722,3.82834,-1.1277,0.897676,-8.20658,2.36986
0,0,1020,8.68554,2.87907,-1.31094,0.460481,-12.2407,3.00401
0,0,1021,7.72737,2.77501,-1.24268,0.189722,-12.0617,3.1247
0,0,1022,7.03311,2.87636,-1.3372,1.1865,-12.4667,2.99686
0,0,1023,6.79716,2.36842,-1.43748,0.796193,-15.6275,3.44723
